개소수,주차장명,관할 지역본부,역,주차대수
1,서울1(KTX빌딩),서울본부,서울역,110.0
2,디지털미디어시티,서울본부,DMC역,64.0
3,수색1,서울본부,수색역,78.0
4,수색2,서울본부,수색역,108.0
5,화전,서울본부,화전역,52.0
6,능곡,서울본부,능곡역,136.0
7,백마,서울본부,백마역,35.0
8,백마역 선상,서울본부,백마역,62.0
9,일산역,서울본부,일산역,102.0
10,일산2,서울본부,일산역,51.0
11,금촌,서울본부,금촌역,141.0
12,강매,서울본부,강매역,36.0
13,문산,서울본부,문산역,102.0
14,풍산,서울본부,풍산역,44.0
15,광운대,서울본부,광운대역,90.0
16,"가능A,C",서울본부,가능역,122.0
17,가능B,서울본부,가능역,35.0
18,녹양,서울본부,녹양역,45.0
19,양주A,서울본부,양주역,35.0
20,양주B,서울본부,양주역,64.0
21,덕정,서울본부,덕정역,89.0
22,동두천,서울본부,동두천역,66.0
23,춘천,서울본부,춘천역,100.0
24,구리,서울본부,구리역,148.0
25,도농,서울본부,도농역,100.0
26,양정,서울본부,양정역,39.0
27,퇴계원,서울본부,퇴계원역,101.0
28,평내호평,서울본부,평내호평역,69.0
29,금곡,서울본부,금곡역,86.0
30,남춘천,서울본부,남춘천역,74.0
31,망우,서울본부,망우역,186.0
32,의왕,수도권광역본부,의왕역,35.0
33,병점A,수도권광역본부,병점역,62.0
34,병점B,수도권광역본부,병점역,22.0
35,세마,수도권광역본부,세마역,98.0
36,오산대A,수도권광역본부,오산대역,75.0
37,오산대B,수도권광역본부,오산대역,72.0
38,진위,수도권광역본부,진위역,60.0
39,서정리,수도권광역본부,서정리역,144.0
40,지제,수도권광역본부,지제역,118.0
41,구성,수도권광역본부,구성역,166.0
42,오목천역,수도권광역본부,오목천역,82.0
43,고색,수도권광역본부,고색역,51.0
44,광명A,수도권광역본부,광명역,984.0
45,오류동,수도권광역본부,오류동역,80.0
46,중앙,수도권광역본부,중앙역,81.0
47,고잔,수도권광역본부,고잔역,57.0
48,신길온천,수도권광역본부,신길온천역,85.0
49,정왕A,수도권광역본부,정왕역,127.0
50,정왕B,수도권광역본부,정왕역,177.0
51,소사,수도권광역본부,소사역,30.0
52,원인재,수도권광역본부,원인재역,45.0
53,송도,수도권광역본부,송도역,158.0
54,오이도,수도권광역본부,오이도역,83.0
55,덕소,서울본부,덕소역,63.0
56,양수,서울본부,양수역,71.0
57,양평1,서울본부,양평역,64.0
58,양평2,서울본부,양평역,48.0
59,용문1,서울본부,용문역,85.0
60,용문2,서울본부,용문역,77.0
61,용문3,서울본부,용문역,27.0
62,정동진,강원본부,정동진역,100.0
63,만종1,강원본부,만종역,95.0
64,만종2,강원본부,만종역,82.0
65,횡성,강원본부,횡성역,76.0
66,둔내,강원본부,둔내역,64.0
67,평창,강원본부,평창역,62.0
68,진부,강원본부,진부역,48.0
69,강릉1,강원본부,강릉역,194.0
70,강릉2,강원본부,강릉역,196.0
71,동해,강원본부,동해역,120.0
72,묵호,강원본부,묵호역,
73,제천역,대전충청본부,제천역,52.0
74,안동역,대구경북본부,안동역,117.0
75,삼동,수도권광역본부,삼동역,39.0
76,경기광주,수도권광역본부,경기광주역,157.0
77,초월,수도권광역본부,초월역,88.0
78,곤지암,수도권광역본부,곤지암역,72.0
79,신둔도예촌,수도권광역본부,신둔도예촌역,29.0
80,이천,수도권광역본부,이천역,154.0
81,부발,수도권광역본부,부발역,76.0
82,세종대왕릉,수도권광역본부,세종대왕릉역,33.0
83,여주,수도권광역본부,여주역,87.0
84,대전역선상,대전충청본부,대전역,353.0
85,서광장1,대전충청본부,대전역,75.0
86,동광장1,대전충청본부,대전역,164.0
87,서광장2,대전충청본부,대전역,166.0
88,동광장2,대전충청본부,대전역,102.0
89,서대전,대전충청본부,서대전역,102.0
90,천안아산(광장2),대전충청본부,천안아산역,263.0
91,천안아산(광장1),대전충청본부,천안아산역,262.0
92,천안아산(선하),대전충청본부,천안아산역,522.0
93,천안역 임시,대전충청본부,천안역,31.0
94,오송A,대전충청본부,오송역,352.0
95,오송C,대전충청본부,오송역,88.0
96,온양온천,대전충청본부,온양온천역,98.0
97,성환,대전충청본부,성환역,57.0
98,직산,대전충청본부,직산역,85.0
99,천안,대전충청본부,천안역,69.0
100,조치원,대전충청본부,조치원역,58.0
101,조치원(서부),대전충청본부,조치원역,53.0
102,신탄진,대전충청본부,신탄진역,50.0
103,논산,대전충청본부,논산역,37.0
104,충주,대전충청본부,충주역,62.0
105,청주,대전충청본부,청주역,58.0
106,오근장,대전충청본부,오근장역,60.0
107,김천,대구경북본부,김천역,95.0
108,동대구B,대구경북본부,동대구역,244.0
109,경산,대구경북본부,경산역,37.0
110,경주A,대구경북본부,경주역,137.0
111,신경주,대구경북본부,신경주역,357.0
112,신포항,대구경북본부,포항역,388.0
113,김천구미A,대구경북본부,김천구미역,96.0
114,영천,대구경북본부,영천역,86.0
115,서대구,대구경북본부,서대구역,49.0
116,부산선상A,부산경남본부,부산역,565.0
117,부산선상A(정기),부산경남본부,부산역,8.0
118,구포,부산경남본부,구포역,49.0
119,부전,부산경남본부,부전역,32.0
120,울산A,부산경남본부,울산역,619.0
121,울산선하,부산경남본부,울산역,160.0
122,마산,부산경남본부,마산역,72.0
123,진영,부산경남본부,진영역,159.0
124,창원,부산경남본부,창원역,54.0
125,창원노상,부산경남본부,창원역,26.0
126,창원중앙,부산경남본부,창원중앙역,262.0
127,진주,부산경남본부,진주역,113.0
128,물금,부산경남본부,물금역,106.0
129,부산원동,부산경남본부,원동역,45.0
130,부전2,부산경남본부,부전역,17.0
131,부산역 북항,부산경남본부,부산역,65.0
132,익산,전북본부,익산역,119.0
133,익산(서),전북본부,익산역,372.0
134,전주,전북본부,전주역,146.0
135,정읍,전북본부,정읍역,273.0
136,순천,광주전남본부,순천역,122.0
137,여천,광주전남본부,여천역,71.0
138,여천2,광주전남본부,여천역,74.0
139,여수엑스포,광주전남본부,여수엑스포역,173.0
140,광주A,광주전남본부,광주역,53.0
141,광주B,광주전남본부,광주역,41.0
142,목포,광주전남본부,목포역,31.0
143,나주,광주전남본부,나주역,190.0
144,광주송정역 주차빌딩,광주전남본부,광주송정역,1580.0
145,공영주차장,광주전남본부,광주송정역,127.0
146,임시 제5주차장,광주전남본부,광주송정역,179.0
147,태화강,부산경남본부,태화강역,88.0
148,덕하,부산경남본부,덕하역,100.0
149,망양,부산경남본부,망양역,53.0
150,남창,부산경남본부,남창역,99.0
151,선암(개운포),부산경남본부,개운포역,60.0
152,북울산,부산경남본부,북울산,96.0
153,좌천,부산경남본부,좌천역,179.0
154,월내,부산경남본부,월내역,89.0
155,광명B,HS홀딩스(위탁),,1807.0
156,부산선상B,부산경남본부,부산역,50.0
157,거제해맞이,부산경남본부,거제해맞이역,77.0
158,법원거제역,부산경남본부,거제역,193.0
159,교대1,부산경남본부,교대역,83.0
160,교대2,부산경남본부,교대역,87.0
161,동래,부산경남본부,동래역,147.0
162,안락1,부산경남본부,안락역,78.0
163,안락2,부산경남본부,안락역,83.0
164,재송,부산경남본부,재송역,87.0
165,센텀1,부산경남본부,센텀역,79.0
166,센텀2,부산경남본부,센텀역,82.0
167,벡스코1,부산경남본부,벡스코역,60.0
168,벡스코2,부산경남본부,벡스코역,36.0
169,해운대1,부산경남본부,해운대역,137.0
170,해운대2,부산경남본부,해운대역,157.0
171,송정,부산경남본부,송정역,111.0
172,기장1,부산경남본부,기장역,71.0
173,기장2,부산경남본부,기장역,25.0
174,일광,부산경남본부,일광역,82.0
175,동대구제1주차장,대구경북본부,동대구역,170.0
176,덕계역주차장,서울본부,덕계역,46.0
177,오빈,서울본부,오빈역,10.0
178,백마고지,서울본부,백마고지역,32.0
179,지평,서울본부,지평역,90.0
180,지행,서울본부,지행역,122.0
181,동두천중앙,서울본부,동두천중앙역,98.0
182,보산,서울본부,보산역,88.0
183,소요산,서울본부,소요산역,66.0
184,전곡,서울본부,전곡역,60.0
185,금성,대구경북본부,구.안동역,20.0
186,점촌역광장공원,대구경북본부,점촌역,48.0
187,왜관공영,대구경북본부,왜관역,154.0
188,동경공영,대구경북본부,경주역,66.0
189,경주공영,대구경북본부,경주역,290.0
190,김천농협,대구경북본부,김천역,100.0
191,남상주농협,대구경북본부,청리역,8.0
192,벨리나웨딩홀,대구경북본부,영주역,40.0
193,점촌외방,대구경북본부,점촌역,17.0
194,보성군공영,광주전남본부,벌교역,78.0
195,공영,광주전남본부,보성역,52.0
196,남원,전북본부,남원역,160.0
197,김제,전북본부,김제역,61.0
198,부천남부제2호공영주차장,수도권광역본부,부천역,78.0
199,옥상주차장,수도권광역본부,도원역,66.0
200,남부광장주차장,수도권광역본부,역곡역,12.0
201,오산역제2환승주차장,수도권광역본부,오산역,106.0
202,안산역사부설주차장,수도권광역본부,안산역,35.0
203,영월,대전충남본부,영월역,105.0
204,사북,대전충남본부,사북역,11.0
205,제천,대전충남본부,제천역,26.0
206,구절리,대전충남본부,구절리역,140.0
207,아우라지,대전충남본부,민둥산역,80.0
